commonName,catalog.shortName,GPS,mass_1_source,mass_2_source,total_mass_source,chirp_mass_source,final_mass_source,luminosity_distance,redshift,chi_eff,network_matched_filter_snr,far,p_astro
GW150914,GWTC-2.1-confident,1126259462.4,34.6,30.0,64.5,27.9,61.5,470.0,0.1,-0.04,26.0,,
GW151012,GWTC-2.1-confident,1128678900.4,24.8,13.6,38.8,15.6,37.1,1000.0,0.2,0.12,9.3,,
GW151226,GWTC-2.1-confident,1135136350.6,14.2,7.5,21.7,8.9,20.7,460.0,0.1,0.2,12.7,,
GW170104,GWTC-2.1-confident,1167559936.6,28.7,20.8,49.6,21.1,47.5,1110.0,0.22,-0.04,13.8,,
GW170608,GWTC-2.1-confident,1180922494.5,10.6,7.8,18.5,7.9,17.7,340.0,0.07,0.05,15.3,,
GW170729,GWTC-2.1-confident,1185389807.3,54.7,30.2,84.4,34.6,80.3,2490.0,0.44,0.29,10.7,,
GW170809,GWTC-2.1-confident,1186302519.8,34.1,24.2,58.5,24.8,55.7,1070.0,0.21,0.07,12.8,,
GW170814,GWTC-2.1-confident,1186741861.5,30.9,24.9,56.0,24.1,53.2,610.0,0.13,0.08,17.7,,
GW170817,GWTC-1-confident,1187008882.4,1.46,1.27,,1.186,2.8,40.0,0.01,0.0,33.0,1e-07,1.0
GW170818,GWTC-2.1-confident,1187058327.1,34.8,27.6,62.5,26.8,59.7,1080.0,0.21,-0.06,12.0,,
GW170823,GWTC-2.1-confident,1187529256.5,38.3,29.0,67.0,28.6,63.9,1970.0,0.36,0.05,12.2,,
GW190403_051519,GWTC-2.1-confident,1238303737.2,85.0,20.0,106.6,34.0,102.2,8280.0,1.18,0.68,7.6,7.7,0.60924
GW190408_181802,GWTC-2.1-confident,1238782700.2,24.8,18.5,43.4,18.5,41.4,1540.0,0.29,-0.03,14.6,1e-05,1.0
GW190412,GWTC-2.1-confident,1239082262.1,27.7,9.0,36.8,13.3,35.6,720.0,0.15,0.21,19.8,1e-05,1.0
GW190413_052954,GWTC-2.1-confident,1239168612.5,33.7,24.2,58.0,24.5,55.5,3320.0,0.56,-0.04,9.0,0.82,0.9275
GW190413_134308,GWTC-2.1-confident,1239198206.7,51.3,30.4,81.3,33.3,78.0,3800.0,0.62,-0.01,10.6,0.18,0.99058
GW190421_213856,GWTC-2.1-confident,1239917954.2,42.0,32.0,73.6,31.4,70.5,2590.0,0.45,-0.1,10.7,0.0028,0.99792
GW190425,GWTC-2.1-confident,1240215503.0,2.1,1.3,3.4,1.44,,150.0,0.03,0.07,12.4,0.034,0.78349
GW190426_190642,GWTC-2.1-confident,1240340820.6,105.5,76.0,182.3,76.0,172.9,4580.0,0.73,0.23,8.7,4.1,0.75053
GW190503_185404,GWTC-2.1-confident,1240944862.2,41.3,28.3,69.4,29.3,66.5,1520.0,0.29,-0.05,12.2,1e-05,1.0
GW190512_180714,GWTC-2.1-confident,1241719652.4,23.2,12.5,35.8,14.6,34.3,1460.0,0.28,0.02,12.7,1e-05,1.0
GW190513_205428,GWTC-2.1-confident,1241816086.7,36.0,18.3,54.4,21.8,52.1,2210.0,0.4,0.16,12.5,1.3e-05,0.99998
GW190514_065416,GWTC-2.1-confident,1241852074.8,40.9,28.4,69.3,29.1,66.4,3890.0,0.64,-0.08,8.0,2.8,0.76021
GW190517_055101,GWTC-2.1-confident,1242107479.8,39.2,24.0,64.1,26.5,60.1,1790.0,0.33,0.49,10.8,0.00035,1.0
GW190519_153544,GWTC-2.1-confident,1242315362.3,65.1,40.8,105.6,44.3,100.0,2600.0,0.45,0.33,15.9,1e-05,1.0
GW190521,GWTC-2.1-confident,1242442967.4,98.4,57.2,153.1,63.3,147.4,3310.0,0.56,-0.14,14.3,0.0013,0.99989
GW190521_074359,GWTC-2.1-confident,1242459857.4,43.4,33.4,76.3,32.8,72.6,1080.0,0.21,0.1,25.9,1e-05,1.0
GW190527_092055,GWTC-2.1-confident,1242984073.7,35.6,22.2,58.1,23.9,55.5,2520.0,0.44,0.1,8.0,0.23,0.84784
GW190602_175927,GWTC-2.1-confident,1243533585.0,71.8,44.8,115.6,48.0,110.5,2840.0,0.49,0.12,13.2,1e-05,1.0
GW190620_030421,GWTC-2.1-confident,1245035079.3,58.0,35.0,92.7,38.1,88.0,2910.0,0.5,0.34,12.1,0.011,0.98748
GW190630_185205,GWTC-2.1-confident,1245955943.1,35.1,24.0,59.4,25.1,56.6,870.0,0.18,0.1,16.4,1e-05,1.0
GW190701_203306,GWTC-2.1-confident,1246048404.5,54.1,40.5,94.3,40.2,90.2,2090.0,0.38,-0.08,11.2,0.0057,0.99986
GW190706_222641,GWTC-2.1-confident,1246487219.3,74.0,39.4,112.6,45.6,107.3,3630.0,0.6,0.28,13.4,5e-05,1.0
GW190707_093326,GWTC-2.1-confident,1246527224.1,12.1,7.9,20.1,8.4,19.2,850.0,0.17,-0.04,13.1,1e-05,1.0
GW190708_232457,GWTC-2.1-confident,1246663515.3,19.8,11.6,31.4,13.1,30.1,930.0,0.19,0.05,13.4,0.00031,0.99965
GW190719_215514,GWTC-2.1-confident,1247608532.9,36.6,19.9,57.2,22.8,54.5,3730.0,0.61,0.25,7.9,0.63,0.91976
GW190720_000836,GWTC-2.1-confident,1247616534.7,14.2,7.5,21.8,9.0,20.8,770.0,0.16,0.19,10.9,1e-05,1.0
GW190725_174728,GWTC-2.1-confident,1248112066.4,11.8,6.3,18.3,7.4,17.6,1030.0,0.2,-0.04,9.1,0.46,0.96021
GW190727_060333,GWTC-2.1-confident,1248242631.9,38.9,30.2,68.8,29.4,65.4,3070.0,0.52,0.09,11.7,1e-05,1.0
GW190728_064510,GWTC-2.1-confident,1248331528.5,12.5,8.0,20.7,8.6,19.7,880.0,0.18,0.13,13.1,1e-05,1.0
GW190731_140936,GWTC-2.1-confident,1248617394.6,41.8,29.0,70.7,29.7,67.4,3330.0,0.56,0.07,8.8,0.33,0.83427
GW190803_022701,GWTC-2.1-confident,1248834439.8,37.7,27.6,65.0,27.6,62.1,3190.0,0.54,-0.01,9.3,0.073,0.97383
GW190805_211137,GWTC-2.1-confident,1249074715.3,46.2,30.6,76.7,31.9,72.4,6130.0,0.92,0.37,8.1,0.63,0.95372
GW190814,GWTC-2.1-confident,1249852257.0,23.3,2.6,25.9,6.11,25.7,230.0,0.05,0.0,25.3,1e-05,1.0
GW190828_063405,GWTC-2.1-confident,1251009263.7,31.9,25.8,57.2,24.6,54.3,2070.0,0.38,0.15,16.5,1e-05,1.0
GW190828_065509,GWTC-2.1-confident,1251010527.8,23.7,10.4,34.3,13.4,33.0,1540.0,0.29,0.05,10.2,3.5e-05,0.99998
GW190910_112807,GWTC-2.1-confident,1252150105.3,43.8,34.2,78.0,33.5,74.4,1520.0,0.29,0.0,14.5,0.0029,0.99669
GW190915_235702,GWTC-2.1-confident,1252627040.6,32.6,24.5,57.2,24.4,54.7,1750.0,0.32,-0.03,13.1,1e-05,1.0
GW190916_200658,GWTC-2.1-confident,1252699636.9,43.8,23.3,68.0,26.9,65.0,4940.0,0.77,0.2,8.1,4.7,0.65727
GW190917_114630,GWTC-2.1-confident,1252756008.0,9.7,2.1,11.8,3.7,11.6,720.0,0.15,-0.08,8.3,0.66,0.76643
GW190924_021846,GWTC-2.1-confident,1253326744.8,8.8,5.1,13.9,5.8,13.3,550.0,0.11,0.03,12.0,1e-05,1.0
GW190925_232845,GWTC-2.1-confident,1253489343.1,20.8,15.5,36.7,15.6,34.9,930.0,0.19,0.09,9.7,0.0072,0.98849
GW190926_050336,GWTC-2.1-confident,1253509434.0,41.1,20.4,61.9,24.4,59.6,3280.0,0.55,-0.02,8.1,1.1,0.54334
GW190929_012149,GWTC-2.1-confident,1253755327.4,66.3,26.8,93.3,35.6,90.3,3130.0,0.53,-0.03,9.7,0.16,0.87042
GW190930_133541,GWTC-2.1-confident,1253885759.2,14.2,6.9,21.2,8.5,20.2,770.0,0.16,0.19,9.7,0.012,0.99785
GW191103_012549,GWTC-3-confident,1256779567.5,11.8,7.9,20.0,8.34,19.0,990.0,0.2,0.21,8.9,0.46,0.94318
GW191105_143521,GWTC-3-confident,1256999739.9,10.7,7.7,18.5,7.82,17.6,1150.0,0.23,-0.02,9.7,0.012,0.99
GW191109_010717,GWTC-3-confident,1257296855.2,65.0,47.0,112.0,47.5,107.0,1290.0,0.25,-0.29,17.3,0.00018,0.99
GW191113_071753,GWTC-3-confident,1257664691.8,29.0,5.9,34.5,10.7,34.0,1370.0,0.26,0.0,7.9,26.0,0.68339
GW191126_115259,GWTC-3-confident,1258804397.6,12.1,8.3,20.7,8.65,19.6,1620.0,0.3,0.21,8.3,3.2,0.70041
GW191127_050227,GWTC-3-confident,1258866165.5,53.0,24.0,80.0,29.9,76.0,3400.0,0.57,0.18,9.2,0.25,0.73996
GW191129_134029,GWTC-3-confident,1259070047.1,10.7,6.7,17.5,7.31,16.8,790.0,0.16,0.06,13.1,1e-05,0.99
GW191204_110529,GWTC-3-confident,1259492747.5,27.3,19.2,47.1,19.8,45.0,1900.0,0.34,0.05,8.9,3.3,0.74239
GW191204_171526,GWTC-3-confident,1259514944.0,11.7,8.4,20.19,8.56,19.18,640.0,0.13,0.16,17.4,1e-05,0.99
GW191215_223052,GWTC-3-confident,1260484270.3,24.9,18.1,43.3,18.4,41.4,1930.0,0.35,-0.04,11.2,1e-05,0.99
GW191216_213338,GWTC-3-confident,1260567236.4,12.1,7.7,19.8,8.33,18.87,340.0,0.07,0.11,18.6,1e-05,0.99
GW191219_163120,GWTC-3-confident,1260808298.4,31.1,1.17,32.3,4.31,32.2,550.0,0.11,0.0,9.1,4.0,0.8224
GW191222_033537,GWTC-3-confident,1261020955.1,45.1,34.7,79.0,33.8,75.5,3000.0,0.51,-0.04,12.5,1e-05,0.99
GW191230_180458,GWTC-3-confident,1261764316.4,49.4,37.0,86.0,36.5,82.0,4300.0,0.69,-0.05,10.4,0.05,0.96159
GW200112_155838,GWTC-3-confident,1262879936.0,35.6,28.3,63.9,27.4,60.8,1250.0,0.24,0.06,19.8,1e-05,0.99
GW200115_042309,GWTC-3-confident,1263097407.7,5.9,1.44,7.4,2.43,7.2,290.0,0.06,-0.15,11.3,1e-05,0.99
GW200128_022011,GWTC-3-confident,1264213229.9,42.2,32.6,75.0,32.0,71.0,3400.0,0.56,0.12,10.6,0.0043,0.99
GW200129_065458,GWTC-3-confident,1264316116.4,34.5,29.0,63.3,27.2,60.2,890.0,0.18,0.11,26.8,1e-05,0.99
GW200202_154313,GWTC-3-confident,1264693411.5,10.1,7.3,17.58,7.49,16.76,410.0,0.09,0.04,10.8,1e-05,0.99
GW200208_130117,GWTC-3-confident,1265202095.9,37.7,27.4,65.3,27.7,62.5,2230.0,0.4,-0.07,10.8,0.00031,0.99
GW200208_222617,GWTC-3-confident,1265235995.9,51.0,12.3,63.0,19.8,61.0,4100.0,0.66,0.45,7.4,4.8,0.70006
GW200209_085452,GWTC-3-confident,1265273710.1,35.6,27.1,62.6,26.7,59.9,3400.0,0.57,-0.12,9.6,0.046,0.97236
GW200210_092254,GWTC-3-confident,1265361792.9,24.1,2.83,27.0,6.56,26.7,940.0,0.19,0.02,8.4,1.2,0.54462
GW200216_220804,GWTC-3-confident,1265926102.8,51.0,30.0,81.0,32.9,78.0,3800.0,0.63,0.1,8.1,0.35,0.77277
GW200219_094415,GWTC-3-confident,1266140673.1,37.5,27.9,65.0,27.6,62.2,3400.0,0.57,-0.08,10.7,0.00099,0.99
GW200220_061928,GWTC-3-confident,1266214786.7,87.0,61.0,148.0,62.0,141.0,6000.0,0.9,0.06,7.2,6.8,0.62376
GW200220_124850,GWTC-3-confident,1266238148.1,38.9,27.9,67.0,28.2,64.0,4000.0,0.66,-0.07,8.5,30.0,0.82579
GW200224_222234,GWTC-3-confident,1266618172.4,40.0,32.7,72.3,31.1,68.7,1710.0,0.32,0.1,20.0,1e-05,0.99
GW200225_060421,GWTC-3-confident,1266645879.3,19.3,14.0,33.5,14.2,32.1,1150.0,0.22,-0.12,12.5,1.1e-05,0.99
GW200302_015811,GWTC-3-confident,1267149509.5,37.8,20.0,57.8,23.4,55.5,1480.0,0.28,0.01,10.8,0.11,0.90643
GW200306_093714,GWTC-3-confident,1267522652.1,28.3,14.8,43.9,17.5,41.7,2100.0,0.38,0.32,7.8,24.0,0.81156
GW200308_173609,GWTC-3-confident,1267724187.7,60.0,24.0,92.0,34.0,88.0,7100.0,1.04,0.16,4.7,2.4,0.8566
GW200311_115853,GWTC-3-confident,1267963151.3,34.2,27.7,61.9,26.6,59.0,1170.0,0.23,-0.02,17.8,1e-05,0.99
GW200316_215756,GWTC-3-confident,1268431094.1,13.1,7.8,21.2,8.75,20.2,1120.0,0.22,0.13,10.3,1e-05,0.99
GW200322_091133,GWTC-3-confident,1268903511.3,38.0,11.3,50.0,15.0,48.0,3500.0,0.59,0.27,4.5,140.0,0.61501
GW230517_044807,GWTC-4.1,1368334105.4,,,,,,,,,11.8,8.5,0.62
GW230518_125908,GWTC-4.1,1368449966.2,8.17,1.45,9.61,2.8,,236.0,0.05,-0.01,14.1,1e-05,0.99
GW230528_145129,GWTC-4.1,1369320707.7,,,,,,,,,8.8,14.0,0.5
GW230529_181500,GWTC-4.1,1369419318.7,3.66,1.42,5.08,1.94,,203.0,0.04,-0.1,11.8,0.00022,0.99
GW230531_141100,GWTC-4.1,1369577478.3,,,,,,,,,8.0,3.5,0.72
GW230601_224134,GWTC-4.1,1369694512.1,64.0,44.0,107.0,45.1,102.0,3700.0,0.6,-0.03,13.4,1e-05,0.99
GW230603_174756,GWTC-4.1,1369849694.9,,,,,,,,,8.0,4.0,0.79
GW230605_065343,GWTC-4.1,1369983241.5,17.4,11.0,28.6,11.95,27.3,1060.0,0.21,0.06,11.4,1e-05,0.99
GW230606_004305,GWTC-4.1,1370047403.8,37.6,25.7,63.4,26.5,60.8,2800.0,0.48,-0.11,11.1,0.00041,0.99
GW230606_024545,GWTC-4.1,1370054763.5,,,,,,,,,7.5,1.5,0.88
GW230606_065320,GWTC-4.1,1370069618.1,,,,,,,,,12.6,7.900000000000001,0.64
GW230608_205047,GWTC-4.1,1370292665.2,48.0,31.0,79.0,32.7,75.0,3500.0,0.58,0.04,10.2,0.0011,0.99
GW230609_010824,GWTC-4.1,1370308122.4,,,,,,,,,8.0,2.7,0.85
GW230609_064958,GWTC-4.1,1370328616.3,35.4,25.2,60.5,25.6,58.0,3400.0,0.56,-0.14,10.6,0.0001,0.99
GW230610_061439,GWTC-4.1,1370412897.4,,,,,,,,,8.3,13.0,0.53
GW230615_160825,GWTC-4.1,1370880524.0,,,,,,,,,8.9,4.1,0.76
GW230618_102550,GWTC-4.1,1371119168.0,,,,,,,,,7.8,11.0,0.6
GW230624_113103,GWTC-4.1,1371641481.7,27.1,16.1,43.7,18.0,41.7,1930.0,0.35,0.17,11.4,0.00017,0.99
GW230624_214944,GWTC-4.1,1371678602.5,,,,,,,,,10.6,2.2,0.74
GW230625_211655,GWTC-4.1,1371763033.0,,,,,,,,,8.1,9.8,0.61
GW230627_015337,GWTC-4.1,1371866035.8,8.4,5.74,14.22,6.02,13.57,305.0,0.07,0.02,28.7,1e-05,0.99
GW230628_231200,GWTC-4.1,1372029138.4,32.5,27.0,59.2,25.5,56.4,2260.0,0.4,-0.01,16.4,1e-05,0.99
GW230630_070659,GWTC-4.1,1372144037.0,,,,,,,,,9.8,0.47000000000000003,0.96
GW230630_125806,GWTC-4.1,1372165104.9,51.0,33.0,84.0,35.0,80.0,5400.0,0.83,0.18,9.0,0.048,0.99
GW230630_234532,GWTC-4.1,1372203950.4,10.0,6.6,16.8,7.06,16.1,1090.0,0.21,-0.04,9.9,0.00042,0.99
GW230702_162025,GWTC-4.1,1372350043.9,,,,,,,,,9.2,6.5,0.6
GW230702_185453,GWTC-4.1,1372359311.7,40.0,18.0,60.0,22.9,57.0,2500.0,0.44,0.05,10.1,1e-05,0.99
GW230704_021211,GWTC-4.1,1372471949.2,32.6,20.0,53.0,21.9,50.7,2700.0,0.47,-0.01,9.4,0.037,0.99
GW230704_212616,GWTC-4.1,1372541194.7,89.0,50.0,139.0,56.0,132.0,7300.0,1.06,0.27,8.7,0.51,0.93
GW230706_104333,GWTC-4.1,1372675431.2,16.3,11.5,28.0,11.8,26.6,1910.0,0.35,0.19,9.2,0.21999999999999997,0.99
GW230707_124047,GWTC-4.1,1372768865.3,46.1,36.3,82.0,35.1,78.0,4400.0,0.71,-0.05,11.9,0.00042,0.99
GW230708_053705,GWTC-4.1,1372829843.1,29.1,22.7,51.9,22.2,49.4,3300.0,0.55,0.06,8.9,0.028,0.99
GW230708_071859,GWTC-4.1,1372835957.4,,,,,,,,,9.1,1.4,0.89
GW230708_230935,GWTC-4.1,1372892993.5,64.0,40.0,103.0,42.6,99.0,3500.0,0.59,0.01,10.0,0.001,0.99
GW230709_063445,GWTC-4.1,1372919703.1,,,,,,,,,7.9,3.3,0.8
GW230709_122727,GWTC-4.1,1372940865.2,45.0,30.0,74.0,30.9,71.0,4700.0,0.74,0.08,10.2,0.0009700000000000002,0.99
GW230712_090405,GWTC-4.1,1373187863.9,32.0,12.5,46.0,16.2,44.0,2000.0,0.37,-0.02,9.5,0.018,0.99
GW230717_102139,GWTC-4.1,1373624517.1,,,,,,,,,8.3,6.8,0.67
GW230721_222634,GWTC-4.1,1374013612.8,,,,,,,,,7.9,4.1,0.73
GW230723_084820,GWTC-4.1,1374137318.4,,,,,,,,,8.4,3.8999999999999995,0.64
GW230723_101834,GWTC-4.1,1374142732.4,16.6,10.6,27.5,11.4,26.4,1610.0,0.3,-0.18,10.1,0.00022,0.99
GW230726_002940,GWTC-4.1,1374366598.1,35.6,27.9,63.6,27.2,60.6,2100.0,0.37,-0.02,10.5,1e-05,0.99
GW230728_083628,GWTC-4.1,1374568606.9,,,,,,,,,13.1,1.4,0.89
GW230729_082317,GWTC-4.1,1374654215.2,12.3,7.6,20.3,8.34,19.3,1640.0,0.31,0.12,9.5,0.17,0.98
GW230731_215307,GWTC-4.1,1374875605.9,10.3,7.9,18.3,7.78,17.4,1100.0,0.22,-0.05,12.2,1e-05,0.99
GW230803_033412,GWTC-4.1,1375068870.4,44.0,29.0,73.0,30.5,70.0,5000.0,0.78,0.07,9.4,0.044,0.99
GW230805_034249,GWTC-4.1,1375242188.0,32.2,22.6,54.9,23.1,52.4,3500.0,0.58,0.06,9.5,0.00029,0.99
GW230806_204041,GWTC-4.1,1375389659.9,51.0,35.0,86.0,35.9,82.0,5500.0,0.84,0.08,9.4,0.0035,0.99
GW230807_205045,GWTC-4.1,1375476663.4,,,,,,,,,8.1,2.9,0.82
GW230811_032116,GWTC-4.1,1375759294.3,35.4,22.3,57.9,24.1,55.3,2100.0,0.38,0.03,13.6,1e-05,0.99
GW230814_061920,GWTC-4.1,1376029178.5,69.0,42.0,111.0,46.0,106.0,4000.0,0.64,0.07,11.2,0.00059,0.99
GW230814_230901,GWTC-4.1,1376089759.8,33.7,28.2,61.9,26.78,59.0,290.0,0.06,-0.01,43.0,1e-05,0.99
GW230817_212349,GWTC-4.1,1376342647.1,,,,,,,,,7.8,2.0,0.86
GW230819_171910,GWTC-4.1,1376500768.4,70.0,35.0,106.0,42.0,102.0,4100.0,0.66,-0.04,9.9,0.011,0.99
GW230820_212515,GWTC-4.1,1376601934.0,62.0,34.0,96.0,38.5,92.0,4000.0,0.65,0.21,9.3,0.24,0.98
GW230822_230337,GWTC-4.1,1376780635.5,,,,,,,,,8.3,1.4,0.89
GW230823_142524,GWTC-4.1,1376835942.6,,,,,,,,,8.8,1.6,0.86
GW230824_033047,GWTC-4.1,1376883065.7,53.0,36.0,88.0,36.9,84.0,4700.0,0.74,-0.01,11.1,1e-05,0.99
GW230824_135331,GWTC-4.1,1376920429.9,,,,,,,,,9.7,6.2,0.58
GW230825_041334,GWTC-4.1,1376972032.5,44.0,27.2,71.0,29.5,67.0,4900.0,0.76,0.29,8.8,0.093,0.99
GW230830_064744,GWTC-4.1,1377413282.2,,,,,,,,,8.5,3.2,0.8
GW230831_015414,GWTC-4.1,1377482072.1,42.0,30.0,73.0,30.7,69.0,4900.0,0.77,0.04,8.6,0.036,0.99
GW230831_134621,GWTC-4.1,1377524799.7,,,,,,,,,8.8,2.8,0.8
GW230902_122814,GWTC-4.1,1377692912.9,,,,,,,,,8.1,2.0,0.84
GW230902_150325,GWTC-4.1,1377702223.2,,,,,,,,,7.8,7.400000000000001,0.65
GW230902_172430,GWTC-4.1,1377710688.8,,,,,,,,,8.5,10.0,0.6
GW230902_224555,GWTC-4.1,1377729973.7,,,,,,,,,7.5,14.0,0.51
GW230904_051013,GWTC-4.1,1377839431.1,10.6,7.1,17.9,7.53,17.1,1030.0,0.2,0.05,10.5,3.7e-05,0.99
GW230904_152545,GWTC-4.1,1377876363.2,,,,,,,,,9.2,4.4,0.75
GW230911_195324,GWTC-4.1,1378497222.2,33.9,21.6,55.5,23.2,53.1,1350.0,0.26,-0.02,11.1,0.001,0.99
GW230914_111401,GWTC-4.1,1378725259.7,60.0,37.0,96.0,39.8,91.2,2700.0,0.47,0.12,17.2,1e-05,0.99
GW230919_215712,GWTC-4.1,1379195850.0,27.3,21.4,49.1,21.0,46.5,1330.0,0.25,0.18,16.8,1e-05,0.99
GW230920_064709,GWTC-4.1,1379227647.3,,,,,,,,,9.5,3.2,0.79
GW230920_071124,GWTC-4.1,1379229102.7,32.4,23.8,56.4,23.9,53.8,2900.0,0.49,,11.1,1e-05,0.99
GW230922_020344,GWTC-4.1,1379383442.9,39.3,29.2,68.7,29.2,65.4,1640.0,0.31,0.03,13.4,1e-05,0.99
GW230922_040658,GWTC-4.1,1379390836.1,76.0,51.0,125.0,52.0,119.0,6500.0,0.96,0.31,12.5,1e-05,0.99
GW230924_124453,GWTC-4.1,1379594711.8,28.8,23.2,51.8,22.3,49.4,2400.0,0.42,0.02,13.5,1e-05,0.99
GW230925_143957,GWTC-4.1,1379688015.5,,,,,,,,,8.0,8.2,0.55
GW230927_043729,GWTC-4.1,1379824667.1,35.0,27.1,61.9,26.5,59.0,3200.0,0.55,0.01,12.1,1e-05,0.99
GW230927_153832,GWTC-4.1,1379864330.9,21.7,16.6,38.3,16.37,36.5,1190.0,0.23,0.03,20.3,1e-05,0.99
GW230928_215827,GWTC-4.1,1379973525.1,54.0,29.0,83.0,33.6,79.0,4900.0,0.77,0.4,10.5,1.3999999999999998e-05,0.99
GW230930_110730,GWTC-4.1,1380107268.4,34.5,24.4,59.0,24.8,56.3,4900.0,0.76,0.02,9.0,0.09499999999999999,0.99
GW231001_140220,GWTC-4.1,1380204158.7,76.0,41.0,116.0,46.6,111.0,4400.0,0.7,-0.04,11.5,1.4999999999999999e-05,0.99
GW231002_143916,GWTC-4.1,1380292774.7,,,,,,,,,9.4,1.0,0.9
GW231004_232346,GWTC-4.1,1380497044.3,64.0,35.0,99.0,40.0,96.0,4400.0,0.7,-0.04,8.9,0.16,0.97
GW231005_021030,GWTC-4.1,1380507049.0,84.0,50.0,133.0,54.0,127.0,6300.0,0.93,0.1,10.4,0.01,0.99
GW231005_091549,GWTC-4.1,1380532567.5,28.8,21.2,50.2,21.3,48.0,3800.0,0.62,-0.03,11.0,0.04,0.99
GW231005_144455,GWTC-4.1,1380552313.4,,,,,,,,,7.3,14.0,0.52
GW231007_134720,GWTC-4.1,1380721658.8,,,,,,,,,8.1,8.3,0.63
GW231008_142521,GWTC-4.1,1380810339.8,45.0,25.6,71.0,29.0,69.0,3000.0,0.51,-0.01,9.3,0.0015,0.99
GW231013_135504,GWTC-4.1,1381240522.4,,,,,,,,,8.4,15.0,0.53
GW231014_040532,GWTC-4.1,1381291551.0,20.6,14.7,35.6,15.0,33.8,2300.0,0.42,0.18,9.0,0.21,0.98
GW231018_233037,GWTC-4.1,1381707055.0,11.6,7.3,19.0,7.9,18.2,1540.0,0.29,0.01,9.1,0.68,0.93
GW231020_142947,GWTC-4.1,1381847405.6,12.0,7.4,19.8,8.07,18.8,1230.0,0.24,0.14,12.0,1e-05,0.99
GW231024_023603,GWTC-4.1,1382150181.2,,,,,,,,,8.3,14.0,0.51
GW231025_142306,GWTC-4.1,1382279004.1,,,,,,,,,8.3,5.3,0.71
GW231026_130704,GWTC-4.1,1382360842.2,34.0,20.8,55.0,22.8,53.0,4400.0,0.71,0.03,8.3,0.7599999999999999,0.95
GW231028_153006,GWTC-4.1,1382542224.3,94.0,59.0,153.0,63.0,144.0,4200.0,0.68,0.45,22.4,1e-05,0.99
GW231029_111508,GWTC-4.1,1382613326.8,65.0,42.0,106.0,44.4,101.0,3100.0,0.53,0.14,10.8,5.1e-05,0.99
GW231102_052214,GWTC-4.1,1382937752.4,,,,,,,,,7.9,4.0,0.72
GW231102_071736,GWTC-4.1,1382944674.4,61.0,42.0,102.0,43.3,98.0,3800.0,0.63,0.06,15.6,1e-05,0.99
GW231102_232433,GWTC-4.1,1383002691.5,,,,,,,,,7.6,2.5,0.8
GW231104_133418,GWTC-4.1,1383140076.9,12.2,8.6,21.0,8.84,20.0,1470.0,0.28,0.14,11.8,1e-05,0.99
GW231108_125142,GWTC-4.1,1383483120.5,23.2,17.4,40.6,17.3,38.9,2050.0,0.37,-0.08,12.6,1e-05,0.99
GW231110_040320,GWTC-4.1,1383624218.2,19.4,12.6,32.2,13.4,30.6,1890.0,0.35,0.17,11.5,1e-05,0.99
GW231113_062050,GWTC-4.1,1383891668.9,,,,,,,,,8.5,5.4,0.71
GW231113_112825,GWTC-4.1,1383910123.5,,,,,,,,,7.8,14.0,0.51
GW231113_122623,GWTC-4.1,1383913601.9,39.8,26.4,67.0,27.9,63.0,3400.0,0.56,0.33,8.6,0.063,0.99
GW231113_150041,GWTC-4.1,1383922859.4,56.0,29.0,85.0,34.0,82.0,5200.0,0.8,0.04,8.7,0.5,0.97
GW231113_200417,GWTC-4.1,1383941075.9,11.6,7.4,19.2,8.0,18.3,1160.0,0.23,0.13,10.5,2.7e-05,0.99
GW231114_043211,GWTC-4.1,1383971549.2,22.8,8.2,31.1,11.6,30.1,1390.0,0.26,0.08,10.0,0.00011999999999999999,0.99
GW231118_005626,GWTC-4.1,1384304204.8,20.0,10.8,31.0,12.6,29.4,2190.0,0.39,0.38,10.7,1e-05,0.99
GW231118_071402,GWTC-4.1,1384326860.2,43.0,29.0,72.0,30.3,69.0,4300.0,0.69,0.12,9.2,0.00022,0.99
GW231118_090602,GWTC-4.1,1384333580.0,12.9,7.4,20.6,8.36,19.6,1360.0,0.26,0.08,11.0,1e-05,0.99
GW231119_075248,GWTC-4.1,1384415586.1,49.0,33.0,82.0,34.5,79.0,6700.0,0.99,,8.3,0.0029,0.99
GW231120_022103,GWTC-4.1,1384482081.0,,,,,,,,,10.0,1.6,0.9
GW231123_135430,GWTC-4.1,1384782888.7,137.0,101.0,236.0,101.0,222.0,2200.0,0.4,0.32,21.8,1e-05,0.99
GW231126_010928,GWTC-4.1,1384996186.3,,,,,,,,,9.1,2.1,0.86
GW231127_061546,GWTC-4.1,1385100964.5,,,,,,,,,8.0,11.0,0.55
GW231127_165300,GWTC-4.1,1385139198.9,45.0,28.0,74.0,30.4,71.0,4500.0,0.71,0.05,9.9,0.01,0.99
GW231129_081745,GWTC-4.1,1385281083.6,45.0,23.8,69.0,27.8,66.0,3800.0,0.62,0.03,9.4,0.056,0.99
GW231204_090648,GWTC-4.1,1385716026.9,,,,,,,,,8.4,3.5,0.78
GW231206_010629,GWTC-4.1,1385860007.2,,,,,,,,,9.7,6.8999999999999995,0.58
GW231206_233134,GWTC-4.1,1385940712.5,35.6,28.2,63.5,27.2,60.6,3200.0,0.54,-0.08,12.8,1e-05,0.99
GW231206_233901,GWTC-4.1,1385941159.5,37.6,28.5,66.0,28.2,63.1,1490.0,0.28,-0.05,21.9,1e-05,0.99
GW231213_111417,GWTC-4.1,1386501275.9,35.6,27.2,62.6,26.7,59.6,4000.0,0.65,0.06,10.4,1e-05,0.99
GW231220_173406,GWTC-4.1,1387128864.2,,,,,,,,,7.9,3.0,0.83
GW231221_135041,GWTC-4.1,1387201859.3,47.0,29.0,76.0,31.0,73.0,4600.0,0.72,0.01,10.0,0.54,0.96
GW231223_032836,GWTC-4.1,1387337334.1,46.0,31.0,76.0,31.9,73.0,4200.0,0.67,-0.16,10.2,0.00035999999999999997,0.99
GW231223_075055,GWTC-4.1,1387353073.3,11.9,6.8,19.0,7.8,18.1,970.0,0.19,0.07,9.4,0.23,0.98
GW231223_202619,GWTC-4.1,1387398397.0,11.1,8.3,19.6,8.35,18.7,890.0,0.18,0.1,10.1,0.002,0.99
GW231224_024321,GWTC-4.1,1387421020.0,9.3,7.31,16.66,7.13,15.89,950.0,0.19,-0.01,14.0,1e-05,0.99
GW231226_101520,GWTC-4.1,1387620938.3,40.2,35.1,75.0,32.5,71.6,1180.0,0.23,-0.08,34.7,1e-05,0.99
GW231230_170116,GWTC-4.1,1387990895.0,53.0,35.0,89.0,37.0,86.0,5700.0,0.87,-0.18,8.2,0.42,0.96
GW231231_120147,GWTC-4.1,1388059325.6,,,,,,,,,11.3,2.0,0.86
GW231231_154016,GWTC-4.1,1388072434.7,22.5,17.2,39.9,17.1,38.1,1070.0,0.21,-0.03,13.4,1e-05,0.99
GW240104_164932,GWTC-4.1,1388422190.6,42.3,32.2,74.3,31.8,70.7,1910.0,0.35,0.09,14.8,1e-05,0.99
GW240105_151143,GWTC-4.1,1388502721.2,,,,,,,,,25.9,3.3,0.74
GW240107_013215,GWTC-4.1,1388626353.7,59.0,33.0,92.0,36.7,87.0,5800.0,0.88,0.32,9.6,0.0094,0.99
GW240109_050431,GWTC-4.1,1388811889.8,28.7,18.1,47.1,19.7,45.2,1500.0,0.28,-0.07,10.4,0.00022,0.99
GW240406_062847,GWTC-5.0,1396420145.9,,,,,,,,,11.3,1e-05,0.99
GW240407_040938,GWTC-5.0,1396498196.4,,,,,,,,,8.5,1.7999999999999998,0.91
GW240407_061416,GWTC-5.0,1396505674.0,,,,,,,,,8.8,2.7,0.78
GW240407_214946,GWTC-5.0,1396561804.2,,,,,,,,,7.5,4.2,0.79
GW240408_081753,GWTC-5.0,1396599491.7,,,,,,,,,8.3,4.4,0.61
GW240411_074140,GWTC-5.0,1396856518.6,,,,,,,,,8.2,3.4,0.68
GW240413_022019,GWTC-5.0,1397010037.8,7.9,5.57,13.56,5.74,12.92,570.0,0.12,0.07,18.1,1e-05,0.99
GW240414_054515,GWTC-5.0,1397108733.2,38.8,25.9,65.0,27.1,62.2,1530.0,0.29,0.03,11.2,5.3e-05,0.99
GW240419_041206,GWTC-5.0,1397535144.5,,,,,,,,,9.1,3.4,0.71
GW240420_175625,GWTC-5.0,1397671003.5,34.6,23.8,58.6,24.7,56.0,2000.0,0.37,,10.0,0.078,0.98
GW240421_052935,GWTC-5.0,1397712593.7,,,,,,,,,8.5,2.7,0.77
GW240426_031451,GWTC-5.0,1398136510.0,52.0,36.0,88.0,37.1,84.0,4000.0,0.65,-0.05,10.3,3.8e-05,0.99
GW240426_085802,GWTC-5.0,1398157100.9,,,,,,,,,8.2,4.2,0.63
GW240428_225440,GWTC-5.0,1398380098.1,19.8,14.7,34.6,14.72,33.0,840.0,0.17,0.03,15.6,1e-05,0.99
GW240430_093517,GWTC-5.0,1398504935.4,,,,,,,,,8.7,1.3,0.88
GW240501_033534,GWTC-5.0,1398569752.9,38.6,27.7,66.0,28.0,63.1,4700.0,0.74,0.04,10.6,1e-05,0.99
GW240505_133552,GWTC-5.0,1398951370.6,31.0,23.1,54.0,23.0,51.8,4700.0,0.74,-0.13,9.4,0.13,0.98
GW240507_041632,GWTC-5.0,1399090610.4,31.3,8.5,39.9,13.8,38.9,1450.0,0.28,0.01,10.2,0.00025,0.99
GW240509_102351,GWTC-5.0,1399285449.9,,,,,,,,,8.2,2.0,0.89
GW240511_031507,GWTC-5.0,1399432526.0,40.5,32.2,72.6,31.1,69.1,1990.0,0.36,0.05,16.3,1e-05,0.99
GW240512_024139,GWTC-5.0,1399516917.1,12.6,8.0,20.7,8.62,19.7,1170.0,0.23,0.14,11.6,1e-05,0.99
GW240512_051606,GWTC-5.0,1399526185.0,,,,,,,,,9.4,3.1,0.7
GW240513_183302,GWTC-5.0,1399660400.9,24.4,16.9,41.4,17.4,39.4,2250.0,0.4,0.14,14.5,1e-05,0.99
GW240514_121713,GWTC-5.0,1399724251.7,46.8,36.7,82.7,35.4,78.9,2590.0,0.45,0.01,16.9,1e-05,0.99
GW240515_005301,GWTC-5.0,1399769599.1,37.1,18.5,56.3,22.4,53.2,3800.0,0.63,0.47,12.8,1e-05,0.99
GW240516_041939,GWTC-5.0,1399868397.1,,,,,,,,,9.0,3.4,0.67
GW240519_012815,GWTC-5.0,1400117314.0,65.0,39.0,104.0,43.1,100.0,1740.0,0.32,-0.04,10.6,0.014,0.99
GW240520_213616,GWTC-5.0,1400276195.0,11.4,8.0,19.6,8.28,18.7,1400.0,0.27,,11.9,1e-05,0.99
GW240525_031210,GWTC-5.0,1400641948.6,31.1,21.4,52.8,22.1,50.2,4500.0,0.72,0.17,9.1,0.29,0.97
GW240525_201644,GWTC-5.0,1400703422.1,,,,,,,,,9.0,2.3,0.81
GW240526_093944,GWTC-5.0,1400751602.7,14.5,8.4,23.2,9.5,22.1,1940.0,0.35,0.22,9.7,0.14,0.97
GW240527_150907,GWTC-5.0,1400857765.4,,,,,,,,,9.2,2.2,0.81
GW240527_183429,GWTC-5.0,1400870087.1,52.0,33.0,84.0,34.5,80.0,6400.0,0.96,0.31,10.4,0.00017,0.99
GW240527_230910,GWTC-5.0,1400886568.4,27.6,10.0,37.5,14.07,36.4,1190.0,0.23,-0.03,11.0,1.3999999999999998e-05,0.99
GW240530_012417,GWTC-5.0,1401067476.0,14.1,8.3,22.6,9.26,21.6,1010.0,0.2,0.04,10.8,1e-05,0.99
GW240531_040326,GWTC-5.0,1401163424.6,19.5,14.3,34.0,14.4,32.3,3000.0,0.52,0.14,9.1,0.8700000000000001,0.95
GW240531_075248,GWTC-5.0,1401177186.5,33.0,22.6,55.6,23.4,53.1,4100.0,0.67,0.04,9.3,0.0039,0.99
GW240601_061200,GWTC-5.0,1401257538.3,52.0,32.0,85.0,35.3,82.0,5100.0,0.79,-0.08,10.0,0.082,0.99
GW240601_231004,GWTC-5.0,1401318622.0,10.6,7.7,18.6,7.8,17.7,1270.0,0.25,0.09,10.4,2.6000000000000002e-05,0.99
GW240611_214835,GWTC-5.0,1402177733.7,,,,,,,,,8.9,1.7,0.61
GW240612_081540,GWTC-5.0,1402215358.7,55.0,38.0,92.0,38.5,88.0,6200.0,0.93,0.07,9.9,0.56,0.92
GW240613_011503,GWTC-5.0,1402276521.5,,,,,,,,,8.3,3.7000000000000006,0.74
GW240615_113620,GWTC-5.0,1402486598.7,34.0,26.4,60.4,25.9,57.8,1560.0,0.29,-0.07,26.4,1e-05,0.99
GW240615_160735,GWTC-5.0,1402502873.4,28.5,20.0,48.5,20.4,45.9,4000.0,0.65,0.28,13.1,2.7999999999999996e-05,0.99
GW240618_071627,GWTC-5.0,1402730205.2,65.0,40.0,105.0,43.0,101.0,5500.0,0.84,,8.7,0.16,0.98
GW240619_044535,GWTC-5.0,1402807553.5,,,,,,,,,9.3,5.1,0.75
GW240619_212357,GWTC-5.0,1402867455.4,,,,,,,,,8.5,10.0,0.51
GW240620_094631,GWTC-5.0,1402912009.7,,,,,,,,,8.6,2.1,0.68
GW240621_103457,GWTC-5.0,1403001315.5,,,,,,,,,8.6,10.0,0.51
GW240621_195059,GWTC-5.0,1403034677.4,36.8,29.7,66.0,28.4,62.9,1210.0,0.23,,28.2,1e-05,0.99
GW240621_200935,GWTC-5.0,1403035793.5,41.6,31.6,73.0,31.1,70.0,4800.0,0.75,-0.09,10.7,0.0012,0.99
GW240621_214041,GWTC-5.0,1403041259.7,45.0,32.0,76.0,32.1,73.0,6800.0,1.0,,7.9,0.038,0.99
GW240622_004008,GWTC-5.0,1403052026.4,18.6,11.3,30.2,12.5,28.7,1470.0,0.28,0.25,12.7,1e-05,0.99
GW240625_073331,GWTC-5.0,1403336029.0,,,,,,,,,10.1,2.5,0.64
GW240627_131622,GWTC-5.0,1403529400.2,13.2,6.7,20.1,8.08,19.3,1350.0,0.26,,9.8,0.087,0.99
GW240629_145256,GWTC-5.0,1403707994.8,11.1,7.8,18.9,8.01,18.1,1280.0,0.25,0.04,12.7,1e-05,0.99
GW240630_101703,GWTC-5.0,1403777841.4,28.6,21.6,50.2,21.4,48.0,3200.0,0.54,-0.04,10.6,1.4999999999999999e-05,0.99
GW240630_115348,GWTC-5.0,1403783646.7,,,,,,,,,8.5,6.5,0.67
GW240630_212937,GWTC-5.0,1403818195.4,,,,,,,,,8.2,4.9,0.75
GW240701_011640,GWTC-5.0,1403831818.5,,,,,,,,,7.8,12.0,0.51
GW240701_013826,GWTC-5.0,1403833124.0,,,,,,,,,10.4,2.5,0.64
GW240701_203807,GWTC-5.0,1403901505.2,,,,,,,,,7.9,8.6,0.55
GW240703_191355,GWTC-5.0,1404069253.3,34.4,26.4,61.2,26.2,58.3,1880.0,0.34,0.05,10.1,1e-05,0.99
GW240705_053215,GWTC-5.0,1404192753.9,47.1,35.3,81.9,34.9,78.2,3700.0,0.61,-0.03,16.8,1e-05,0.99
GW240716_034900,GWTC-5.0,1405136958.5,40.3,26.5,66.8,28.1,63.9,1860.0,0.34,-0.02,12.9,1e-05,0.99
GW240806_043539,GWTC-5.0,1406954157.1,,,,,,,,,8.9,1.9000000000000001,0.89
GW240807_214559,GWTC-5.0,1407102377.2,,,,,,,,,9.6,17.0,0.66
GW240813_034548,GWTC-5.0,1407555966.3,,,,,,,,,9.7,19.0,0.64
GW240814_145043,GWTC-5.0,1407682261.9,,,,,,,,,9.4,2.1,0.74
GW240824_205609,GWTC-5.0,1408568187.3,70.0,37.0,107.0,43.0,103.0,5300.0,0.81,0.08,9.0,0.25,0.96
GW240825_055146,GWTC-5.0,1408600325.0,13.2,7.9,21.3,8.77,20.3,1250.0,0.24,0.07,10.3,2e-05,0.99
GW240828_102340,GWTC-5.0,1408875838.5,,,,,,,,,8.0,3.8000000000000003,0.62
GW240830_211120,GWTC-5.0,1409087498.4,11.9,7.8,19.8,8.33,18.9,1140.0,0.22,0.07,11.1,1e-05,0.99
GW240901_195332,GWTC-5.0,1409255630.2,,,,,,,,,9.4,7.799999999999999,0.62
GW240902_143306,GWTC-5.0,1409322804.8,24.4,18.3,42.7,18.2,40.8,2900.0,0.49,-0.03,10.6,1e-05,0.99
GW240907_092521,GWTC-5.0,1409736339.4,,,,,,,,,8.3,4.0,0.72
GW240907_121650,GWTC-5.0,1409746628.3,,,,,,,,,9.8,6.0,0.52
GW240907_153833,GWTC-5.0,1409758731.8,38.0,28.3,67.0,28.3,63.0,4500.0,0.71,0.04,10.5,8e-05,0.99
GW240908_082628,GWTC-5.0,1409819206.4,39.8,27.7,68.0,28.6,65.0,3100.0,0.53,0.14,11.1,1.2e-05,0.99
GW240908_125134,GWTC-5.0,1409835112.3,45.0,32.0,77.0,32.5,74.0,4700.0,0.74,-0.09,8.6,0.29,0.97
GW240908_174149,GWTC-5.0,1409852527.2,,,,,,,,,9.0,3.1,0.67
GW240910_103535,GWTC-5.0,1409999753.5,10.9,6.3,17.3,7.16,16.6,740.0,0.15,0.12,17.8,1e-05,0.99
GW240913_111216,GWTC-5.0,1410261154.9,,,,,,,,,7.8,6.2,0.62
GW240915_001357,GWTC-5.0,1410394455.7,10.9,7.7,18.8,7.95,17.88,920.0,0.18,0.13,16.4,1e-05,0.99
GW240915_045510,GWTC-5.0,1410411328.7,,,,,,,,,8.2,3.5,0.75
GW240915_105151,GWTC-5.0,1410432729.1,11.6,7.5,19.4,8.07,18.5,630.0,0.13,0.07,13.9,1e-05,0.99
GW240916_184352,GWTC-5.0,1410547450.3,10.7,7.8,18.7,7.89,17.8,1280.0,0.25,0.05,9.8,0.028,0.99
GW240917_130237,GWTC-5.0,1410613375.7,,,,,,,,,7.8,1.7999999999999998,0.85
GW240919_061559,GWTC-5.0,1410761777.2,38.3,29.6,67.8,29.0,64.7,1870.0,0.34,-0.02,16.9,1e-05,0.99
GW240919_215453,GWTC-5.0,1410818111.6,,,,,,,,,10.1,5.1,0.7
GW240920_073424,GWTC-5.0,1410852882.5,24.7,13.4,38.2,15.6,36.7,1440.0,0.27,-0.09,14.0,1e-05,0.99
GW240920_124024,GWTC-5.0,1410871242.9,37.1,31.9,68.8,29.8,65.6,1090.0,0.21,-0.04,37.4,1e-05,0.99
GW240921_201835,GWTC-5.0,1410985133.8,34.9,9.8,44.8,15.62,43.7,920.0,0.18,,11.3,1e-05,0.99
GW240922_142106,GWTC-5.0,1411050084.4,11.5,7.8,19.3,8.12,18.4,1230.0,0.24,0.07,12.5,1e-05,0.99
GW240923_000715,GWTC-5.0,1411085253.3,,,,,,,,,11.0,1.6,0.78
GW240923_110846,GWTC-5.0,1411124944.5,,,,,,,,,8.6,8.5,0.61
GW240923_204006,GWTC-5.0,1411159224.1,46.1,34.9,79.9,34.1,76.3,4000.0,0.65,0.01,13.6,1e-05,0.99
GW240924_000316,GWTC-5.0,1411171414.5,46.0,34.0,80.0,34.2,76.0,3700.0,0.61,0.1,11.4,2e-05,0.99
GW240925_000956,GWTC-5.0,1411258214.3,,,,,,,,,8.5,6.5,0.61
GW240925_005809,GWTC-5.0,1411261108.0,9.02,6.99,16.07,6.85,15.32,356.0,0.08,0.02,31.2,1e-05,0.99
GW240930_035959,GWTC-5.0,1411704018.0,25.5,11.2,36.8,14.5,35.5,950.0,0.19,-0.05,16.1,1e-05,0.99
GW240930_123408,GWTC-5.0,1411734866.6,,,,,,,,,8.3,2.9,0.81
GW240930_234614,GWTC-5.0,1411775192.9,35.8,21.9,58.0,23.9,55.5,3600.0,0.6,0.04,11.3,0.24,0.98
GW241002_030559,GWTC-5.0,1411873577.7,37.3,29.9,67.2,28.8,64.2,1460.0,0.28,-0.1,11.9,1e-05,0.99
GW241006_015333,GWTC-5.0,1412214831.5,24.6,20.3,44.9,19.4,42.7,1850.0,0.34,0.07,17.6,1e-05,0.99
GW241007_082943,GWTC-5.0,1412325001.2,36.6,26.6,63.2,26.7,60.1,4000.0,0.65,0.11,9.8,0.042,0.99
GW241009_022835,GWTC-5.0,1412476133.7,37.1,26.8,64.0,27.1,61.0,5600.0,0.85,0.09,8.4,0.9699999999999999,0.99
GW241009_084816,GWTC-5.0,1412498914.8,12.7,8.1,21.0,8.78,20.1,1130.0,0.22,-0.05,12.1,1e-05,0.99
GW241009_220455,GWTC-5.0,1412546713.5,33.2,25.5,58.9,25.2,56.0,2900.0,0.5,0.11,10.0,0.023,0.99
GW241011_233834,GWTC-5.0,1412725133.0,19.5,5.96,25.5,9.09,24.4,212.0,0.05,0.5,35.8,1e-05,0.99
GW241018_235402,GWTC-5.0,1413330860.2,,,,,,,,,9.6,1.7999999999999998,0.98
GW241101_034726,GWTC-5.0,1414468064.2,,,,,,,,,8.2,2.1,0.87
GW241101_220523,GWTC-5.0,1414533941.1,41.0,19.3,60.2,23.6,57.7,2200.0,0.39,0.15,10.6,0.00055,0.99
GW241102_124058,GWTC-5.0,1414586476.8,10.9,8.0,19.01,8.12,18.1,390.0,0.08,0.06,21.7,1e-05,0.99
GW241102_144729,GWTC-5.0,1414594067.7,44.4,31.0,75.1,31.5,72.0,3400.0,0.57,-0.09,12.7,1e-05,0.99
GW241106_110932,GWTC-5.0,1414926590.1,,,,,,,,,9.2,3.8999999999999995,0.73
GW241109_005349,GWTC-5.0,1415148847.3,,,,,,,,,10.5,7.400000000000001,0.56
GW241109_033317,GWTC-5.0,1415158416.0,42.4,31.7,74.0,31.4,70.0,2700.0,0.46,0.01,11.3,0.0013,0.99
GW241109_115924,GWTC-5.0,1415188782.9,7.3,5.14,12.51,5.29,11.94,600.0,0.12,0.01,11.9,0.00011999999999999999,0.99
GW241110_124123,GWTC-5.0,1415277701.7,16.4,8.0,24.5,9.84,23.7,740.0,0.15,-0.31,10.2,0.00063,0.99
GW241111_111552,GWTC-5.0,1415358970.6,25.3,20.5,45.4,19.5,43.2,1550.0,0.29,0.1,16.3,1e-05,0.99
GW241113_163507,GWTC-5.0,1415550925.5,19.3,14.4,33.9,14.4,31.7,1360.0,0.26,0.5,12.5,1e-05,0.99
GW241114_024711,GWTC-5.0,1415587649.8,47.0,25.0,71.9,29.2,68.9,2600.0,0.45,0.12,11.3,1e-05,0.99
GW241114_235258,GWTC-5.0,1415663596.1,11.3,7.7,19.1,8.04,18.2,790.0,0.16,0.06,12.4,1e-05,0.99
GW241116_151753,GWTC-5.0,1415805491.7,70.0,24.0,99.0,34.0,95.0,5700.0,0.87,0.28,10.5,0.0044,0.99
GW241124_024914,GWTC-5.0,1416451772.3,42.0,26.0,70.0,28.4,67.0,4500.0,0.72,0.04,8.7,0.78,0.94
GW241125_010116,GWTC-5.0,1416531694.8,60.0,47.0,106.0,45.0,101.0,4700.0,0.74,0.09,11.0,1.1e-05,0.99
GW241127_061008,GWTC-5.0,1416723026.2,63.8,20.8,85.3,30.8,83.0,1080.0,0.21,-0.16,31.3,1e-05,0.99
GW241129_021832,GWTC-5.0,1416881930.6,30.4,23.0,53.3,22.7,50.6,2550.0,0.45,0.17,16.7,1e-05,0.99
GW241129_140416,GWTC-5.0,1416924274.7,,,,,,,,,8.2,16.0,0.51
GW241130_034908,GWTC-5.0,1416973766.6,29.9,24.3,54.2,23.3,51.6,1990.0,0.36,0.05,13.8,1e-05,0.99
GW241130_110422,GWTC-5.0,1416999880.1,11.1,6.5,17.8,7.31,17.0,1320.0,0.25,0.04,10.3,0.00055,0.99
GW241201_055758,GWTC-5.0,1417067896.6,47.0,33.0,80.0,33.5,76.0,7100.0,1.03,0.13,9.0,0.83,0.92
GW241201_142737,GWTC-5.0,1417098475.1,,,,,,,,,7.5,7.6000000000000005,0.66
GW241210_023335,GWTC-5.0,1417833233.2,,,,,,,,,7.8,1.9000000000000001,0.87
GW241210_060606,GWTC-5.0,1417845984.8,29.0,21.4,50.2,21.3,47.9,2600.0,0.45,0.04,13.4,1e-05,0.99
GW241210_120900,GWTC-5.0,1417867758.6,40.0,23.6,64.0,26.3,62.0,3600.0,0.59,-0.07,9.0,0.28,0.97
GW241219_222607,GWTC-5.0,1418682385.3,,,,,,,,,8.7,7.900000000000001,0.56
GW241220_062146,GWTC-5.0,1418710924.5,,,,,,,,,7.9,9.4,0.57
GW241225_042553,GWTC-5.0,1419135971.2,12.4,8.1,20.6,8.65,19.6,660.0,0.14,0.12,16.5,1e-05,0.99
GW241225_082815,GWTC-5.0,1419150513.7,55.7,42.2,98.0,41.8,94.0,1880.0,0.34,-0.17,19.5,1e-05,0.99
GW241229_155844,GWTC-5.0,1419523142.7,52.0,33.0,85.0,35.0,82.0,6800.0,1.0,0.05,8.7,0.083,0.99
GW241230_084504,GWTC-5.0,1419583522.5,42.4,33.5,75.6,32.4,72.4,2900.0,0.5,-0.14,11.1,1e-05,0.99
GW241230_233618,GWTC-5.0,1419636996.1,68.0,49.0,116.0,49.3,112.0,2700.0,0.47,-0.14,12.2,0.48,0.95
GW241231_054133,GWTC-5.0,1419658911.6,12.4,7.1,19.6,8.08,18.7,910.0,0.18,0.08,17.4,1e-05,0.99
GW250101_011205,GWTC-5.0,1419729143.0,30.0,21.1,50.8,21.5,48.7,3200.0,0.54,-0.05,9.8,0.02,0.99
GW250104_015122,GWTC-5.0,1419990700.3,45.8,34.5,80.0,33.9,76.0,4800.0,0.76,0.11,12.1,1e-05,0.99
GW250105_134047,GWTC-5.0,1420119665.7,,,,,,,,,8.7,10.0,0.51
GW250108_152221,GWTC-5.0,1420384959.7,54.0,36.0,90.0,37.6,86.0,3800.0,0.63,0.05,11.8,0.00015,0.99
GW250109_010541,GWTC-5.0,1420419959.5,37.5,27.4,64.9,27.4,62.2,3400.0,0.56,-0.11,13.1,1e-05,0.99
GW250109_074552,GWTC-5.0,1420443970.4,39.0,30.2,69.2,29.6,65.9,2300.0,0.41,0.07,10.7,0.42,0.95
GW250109_083206,GWTC-5.0,1420446744.3,,,,,,,,,10.5,1.4,0.99
GW250114_082203,GWTC-5.0,1420878141.2,33.76,32.26,66.0,28.71,62.9,405.0,0.09,-0.03,78.6,1e-05,0.99
GW250116_015318,GWTC-5.0,1421027616.4,34.2,21.3,56.0,23.0,53.0,5200.0,0.8,0.15,8.0,0.12,0.99
GW250116_051426,GWTC-5.0,1421039685.0,,,,,,,,,7.9,4.8,0.63
GW250118_023225,GWTC-5.0,1421202763.9,44.0,31.0,74.0,31.1,71.0,5800.0,0.88,0.04,9.0,0.0035,0.99
GW250118_055802,GWTC-5.0,1421215100.5,10.3,6.9,17.5,7.36,16.6,940.0,0.19,0.11,10.5,0.0089,0.99
GW250118_170523,GWTC-5.0,1421255141.2,38.1,29.6,67.8,29.0,64.4,1910.0,0.35,0.12,13.9,1e-05,0.99
GW250119_025138,GWTC-5.0,1421290316.8,33.8,26.7,59.9,25.7,57.1,3100.0,0.52,0.06,14.5,1e-05,0.99
GW250119_190238,GWTC-5.0,1421348576.3,11.54,9.95,21.64,9.38,20.56,311.0,0.07,0.09,21.3,1e-05,0.99
GW250120_042414,GWTC-5.0,1421382272.1,,,,,,,,,8.7,1.6,0.89
